コード,銘柄,変動記事本文,変動記事タイトル,企業発情報タイトル,URL,記事の日付,終値2日前,終値1日前,終値0日前,生成記事
6615,UMCエレ,ユー・エム・シー・エレクトロニクス<6615>がストップ高の水準となる前営業日比８０円高の３５５円に買われた。４日の取引終了後、中国の連結子会社が同国の自動運転技術会社であるＳｈｅｎｚｈｅｎ　Ｚｈｕｏｙｕ　Ｔｅｃｈｎｏｌｏｇｙ（ＺＹＴ）社から、先進運転支援システム（ＡＤＡＳ）製品の広角カメラやＬｉＤＡＲ（ライダー）を統合型オールインワンセンサーのＰＣＢアッセンブリーを新規に受注したと発表。これを材料視した買いが入ったようだ。ＺＹＴは中国の主要自動車メーカーに製品を提供しており、ＵＭＣエレの中国子会社は主要パートナーとして、ＡＤＡＳ製品の電子機器受託製造サービスを提供していく。,先端運転支援システムでの中国ＺＹＴ向け新規受注を材料視,ZYT 様向け新規受注に関するお知らせ,https://www.nikkei.com/markets/company/sys/redirect_dis.aspr?ano=fnrnwa&t=https://www.nikkei.com/nkd/disclosure/tdnr/20251204514490/,2025/12/4,273,275,355,UMCエレクトロニクス<6615>が急騰し、株価は一時的に大幅に上昇した。原因として、新株予約権の発行が挙げられる。この発行は、中期経営計画や業績予想の修正とともに市場に受け入れられたようだ。発行条件や行使条件の変更により、株価が市場動向に敏感になり、ボラティリティが高まった。今回の動きは投資家の関心を集め、新たな動きが期待されている。
4516,日本新薬,"日本新薬<4516>がストップ高カイ気配となっている。同社はきょう、ライセンスパートナーの米カプリコール・セラピューティクス<CAPR>が米国で開発中のＣＡＰ－１００２について、デュシェンヌ型筋ジストロフィー患者を対象とした臨床第３相試験（ＨＯＰＥ－３試験）の肯定的なトップラインデータを公表したことを明らかにしており、これが材料視されているようだ。

　同試験で、主要評価項目である上肢機能評価及び重要な副次評価項目である心機能指標で統計学的有意差を確認したという。なお、米国で同剤が承認された場合、日本新薬の米子会社が販売・販促活動を実施する予定となっている。",ＣＡＰ－１００２の良好な第３相試験結果を材料視,"CAP-1002：Capricor 社による臨床第Ⅲ相試験（HOPE-3 試験）の
トップラインデータ発表に関するお知らせ",https://www.nippon-shinyaku.co.jp/file/download.php?file_id=10354,2025/11/14,3623,4323,5023,"日本新薬<4516>の株価が大きく上昇している。同社は米Capricor Therapeutics, Inc.が行ったデュシェンヌ型筋ジストロフィー患者を対象とする第Ⅲ相臨床試験で、治療薬CAP-1002の有効性を示す良好な結果を得たと報告。これが市場で評価されているようだ。試験では、上肢機能評価や心機能指標で統計的有意な結果が確認されている。また、米国での承認が進めば、日本新薬の現地子会社NS Pharma, Inc.が販売を担当するとして期待感が高まっている。 결과적으로、今後の収益力の強化が株価に迅速に反映される動きとなっている。"
268A,リガクHD,"リガク・ホールディングス<268A>が３連騰している。４日の取引時間中に発表した子会社リガクによる次世代半導体向け計測装置「ＸＴＲＡＩＡ（エクストライア）ＭＦ－３４００」の販売開始が引き続き材料視されている。

　同装置は、次世代メモリチップやＡＩ向け高速デバイスの量産に不可欠な材料の評価を高精度に行うもので、測定能力が従来機の最大２倍に向上したほか、ナノレベルの厚みを非破壊で測定できることや１台で複数の分析が可能なことなどが特徴。既にキオクシアホールディングス<285A>傘下のキオクシア及びキオクシア岩手の３ＤＮＡＮＤフラッシュメモリ量産ラインへの導入が決定しているほか、ＤＲＡＭ及びロジック半導体メーカー各社でも採用検討が進んでおり、会社側によると２６年度には前モデルと合わせて６０億円超の売上高を見込むとしている。", 次世代半導体向け計測装置の販売開始を引き続き材料視,リガク、次世代半導体向け計測装置「XTRAIA MF-3400」販売開始,https://www.nikkei.com/markets/company/sys/redirect_dis.aspr?ano=fnro8g&t=https://www.nikkei.com/nkd/disclosure/tdnr/20251204514928/,2025/12/4,962,1019,1140,リガクHD<268A>の株価は急騰し、先日は1140円を記録した。この上昇は主に、新たに開発された次世代半導体向け計測装置「XTRAIA MF-3400」が市場で注目を集めていることが背景にある。この装置は既に多くのメーカーで採用され、半導体製造において重要な役割を果たすと期待されている。また、半導体市場全体で需要が拡大していることも、リガクの計測技術のさらなる成長を後押ししているようだ。生成AIやデータセンターの拡大によって半導体の需要増加が予測される中、リガクの市場ポジション強化への期待感が株価に反映された形だ。
2901,Wディッシュ,ウェルディッシュ<2901>が安い。同社は２日、１１月２８日に関東財務局に提出した２５年８月期の内部統制報告書において、開示すべき重要な不備があり、財務報告に関する内部統制は有効でない旨を記載したと発表。これを嫌気した売りが出たようだ。事業の成長スピードと比較して適切な経理・決算業務に必要な人材が不足し、決算作業及び監査スケジュールに遅延が生じたことなど、監査法人より指摘を受ける事態が生じた。,財務報告に関する内部統制の開示すべき重要な不備を発表,財務報告に係る内部統制の開示すべき需要な不備に関するお知らせ,https://www.nikkei.com/markets/company/sys/redirect_dis.aspr?ano=fnncju&t=https://www.nikkei.com/nkd/disclosure/tdnr/20251202513162/,2025/12/4,558,458,378,Wディッシュ<2901>の株価が続落している。同社は、決算財務報告に関する内部統制に重要な不備があるとの指摘を受け、投資家からの不信感を招いているようだ。この不備は、経理・決算に必要な人材と知識の不足、さらに責任者の退職と引継ぎの問題が原因とされている。こうした状況に対処するため、同社は内部統制の強化を図る方針を示しており、管理部門の強化やプロセスの見直し、外部専門家の活用を予定している。しかし、これらの対策が実効性を持つまでには時間がかかるとの市場の見方から、売りが膨らんでいる模様だ。
6838,多摩川HD,"多摩川ホールディングス<6838>は急反落している。４日の取引終了後、第１５～１７回新株予約権を発行し、英カンター・フィッツジェラルド・ヨーロッパに割り当てると発表した。新株予約権が全て行使された場合に交付される総株式数は１６２万６７００株で、９月３０日時点の議決権総数に対する比率は２４．９７％に相当しており、潜在的な希薄化リスクを警戒した売りが膨らんでいる。多摩川ＨＤは手取り概算で約１３億２８４３万円を調達し、国内再生可能エネルギー開発に関するプロジェクトへの投資や電子・通信用機器事業における工場増設資金などに使用する。

　同時に２５年１０月期通期業績について、売上高が前回予想の５５億１５００万円から５５億８７００万円、営業利益が２億２０００万円から２億５０００万円～２億７８００万円、最終利益が２億４８００万円から２億４０００万円～２億６８００万円で着地したようだと開示した。前の期は７カ月の変則決算だった。また、中期経営経計画を公表。最終年度の３０年１０月期に売上高１１１億５４００万円、営業利益１４億１９００万円、最終利益９億２５００万円とする目標を掲げた。", 第三者割当による新株予約権発行で潜在的な希薄化リスク警戒,第三者割当による第15回新株予約権、第16回新株予約権、及び第17回新株予約権（いずれも行使価額修正選択権付）の発行に関するお知らせ,https://www.nikkei.com/markets/company/sys/redirect_dis.aspr?ano=fnro5p&t=https://www.nikkei.com/nkd/disclosure/tdnr/20251204514829/,2025/12/4,811,824,698,"多摩川HD<6838>の株価は大幅に変動した。最新の中期経営計画と2025年10月期の業績予想の上方修正に関する市場の反応が影響している。この発表は未来の成長に対する期待を高めたが、短期的な市場の不確実さが株価を揺るがしたようだ。

また、新株予約権の発行条件についても、株価変動を考慮した柔軟な資金調達が可能であることから、株式市場の関心を引いている。特に、株価が行使価額を下回った場合には、取締役会の決議で条件を修正できる仕組みが設けられており、これが市場の評価に繋がったのだろう。しかし、短期的な売りが優勢となり、株価は反落する展開を見せた。"
7265,エイケン工業,エイケン工業<7265>は後場急落。５日午後２時３０分ごろ、２５年１０月期の単独決算を発表。売上高は８１億円（前の期比１１．２％増）、最終利益は３億２６００万円（同４９．９％増）となった。主力のフィルター部門、第２の柱として拡販を図る燃焼機器部門のいずれも増収増益となり、会社計画を上振れして着地した。２６年１０月期は上振れした前期の実績に対し売上高は８３億５１００万円(３．０％増）、最終利益は３億１００万円（７．７％減）を見込む。前期の第３四半期末時点で利益は通期計画を上回っており、同社株には業績の上振れ着地を見込んだ買いが直近では入っていた。発表を受けて利益確定目的の売りが出たようだ。, 前期業績は計画上振れも利益確定売りが優勢,2025年10月期　決算短信〔日本基準〕(非連結),https://www.nikkei.com/markets/company/sys/redirect_dis.aspr?ano=fnttou&t=https://www.nikkei.com/nkd/disclosure/tdnr/20251205515310/,2025/12/5,3815,3850,3350,"エイケン工業<7265>の株価は、ここ数日で上昇から急落する動きを見せた。特に、燃焼機器部門やフィルター部門での売上増加と利益率の改善が注目され、当初はプラスの評価を受けて株価を押し上げた。さらに、流動資産や固定資産の増加は経営の安定性を示唆し、投資家の信頼を得た。

しかし、急激な市場の変動など外部要因が予想外の影響を与え、株価は急落した。当期純利益の改善もプラス材料となるはずだったが、市場はそれ以上に慎重だったようだ。最終的には3350円まで下がったが、今回の動きは企業の安定性と予測不可能な市場の影響を同時に示す結果となった。"
2910,Rフィールド,"ロック・フィールド<2910>が後場終盤になって下げ幅を拡大している。午後３時ごろ、２６年４月期の連結業績予想について、売上高を５３５億円から５０９億２４００万円（前期比０．５％減）へ、営業利益を１４億１１００万円から３億７８００万円（同６９．５％減）へ、最終利益を９億３１００万円から５９００万円（同８１．８％減）へ下方修正したことが嫌気されている。

　上期において、物価高騰による消費者の節約志向が継続する地方・郊外エリアの店舗で需要が後退し、来店客数が前年同期比で減少したことなどが要因。クリスマス・年末年始に向けた消費は堅調に推移すると予想しているものの、引き続き既存店売上高の下振れが見込まれるとして、下方修正した。

　なお、同時に発表した１０月中間期決算は、売上高２５０億６３００万円（前年同期比０．９％減）、営業利益８４００万円（同８６．８％減）、最終損益１億円の赤字（前年同期１億１０００万円の黒字）となり、従来予想の営業利益４億８２００万円を下回って着地した。", 消費者の節約志向継続で２６年４月期業績予想を下方修正,2026年4月期 第2四半期(中間期）決算説明資料,https://www.nikkei.com/nkd/disclosure/tdnr/20251204514998/,2025/12/5,1403,1392,1314,Rフィールド<2910>の株価は、このところ下落傾向にあり、現在は1314円にまで下がっている。これは最近の業績予想の修正が一因と考えられる。同社は2026年4月期の業績予想を変更し、これが市場の不安材料となった模様だ。加えて、配当原資の取崩しや中間純損失による純資産合計の減少が報告され、財務状態の悪化も懸念されている。このような状況の変化が投資家心理に影響し、株価下落につながった可能性が高い。
3691,デジプラ,"大幅反落。株主優待制度の拡充を発表も売りが優勢となっている。7単元以上一律30,000円分の株主優待から、優待還元額を固定し、対象株主にて按分するシェア型株主優待へと変更する。同制度における優待還元額は「3,000万円」とする。なお、当該金額は、25年9月末日を対象とする株主優待(予定配布額：約500万円)の約6倍の水準、26年3月末日を対象とする株主優待(予定配布額：約1,500万円)の約2倍の水準となる。27年3月末日を対象とする株主優待より内容の変更を適用する。", 株主優待制度の拡充を発表も,株主優待制度の変更に関するお知らせ,https://www.nikkei.com/markets/company/sys/redirect_dis.aspr?ano=fnpiif&t=https://www.nikkei.com/nkd/disclosure/tdnr/20251203514199/,2025/12/5,1581,1439,1362,デジタルプラス<3691>の株価は9月2日にかけて大幅に下落している。会社が株主優待制度の変更を発表したことが一因とみられる。この変更は、利益還元額を固定しシェア型の制度に移行するというもので、2025年と2026年に向けて配布額が以前の約6倍および2倍になる見込みだ。しかし、これが市場で材料出尽くしと見なされた可能性がある。持続的な株主還元を目的とした制度変更だが、現時点では市場の反応はネガティブである。
6173,アクアライン,アクアライン<6173>は続伸。４日の取引終了後、第三者割当増資を発表した。ＩＴＪ（東京都港区）などを割当予定先として、新たに５３万１７００株を発行。デッド・エクイティ・スワップ（ＤＥＳ）による現物出資として実施する。また、ロング・コリドー・アルファ・オポチュニティーズ・マスター・ファンド（ケイマン諸島）らを割当先として、第２回新株予約権を発行する。新株予約権が全て行使された場合の希薄化率は、新株発行分をあわせて議決権ベースで最大３１．４６％。アクアラインは手取り概算で約４億１２０６万円を調達し、借入金の返済と運転資金の確保に充てる。今回の資金調達は上場維持基準の充足を目指したものであり、方針を評価した買いが優勢になっている。, グロース上場維持に向け第三者割当増資を発表,第三者割当による新株式発行、第三者割当による第２回新株予約権（行使価額修正条項付）及び第１回無担保普通社債の発行並びに主要株主の異動に関するお知らせ,https://www.nikkei.com/markets/company/sys/redirect_dis.aspr?ano=fnro70&t=https://www.nikkei.com/nkd/disclosure/tdnr/20251204514876/,2025/12/4,208,209,198,アクアライン<6173>の株価は直近で下落している。新株予約権の行使条件が修正され、株価に応じた調整が可能なシステムが作用するものの、それが投資家心理に不安を与えている。さらに、東京証券取引所から特別注意銘柄に指定され、課徴金の勧告を受けたことが、投資家の不信感を増幅させた。加えて、第三者割当による新株発行や無担保普通社債発行など積極的な資金調達が行われているが、これらの動きが株価下落の要因となっているようだ。
